{
  "features_scaled": [
    "age_ordinal",
    "education_ordinal",
    "experience_overall_years_ordinal",
    "experience_field_years_ordinal",
    "industry_Accounting Banking & Finance",
    "industry_Agriculture or Forestry",
    "industry_Art & Design",
    "industry_Business or Consulting",
    "industry_Computing or Tech",
    "industry_Education (Primary/Secondary)",
    "industry_Education (Higher Education)",
    "industry_Engineering or Manufacturing",
    "industry_Entertainment",
    "industry_Government and Public Administration",
    "industry_Health care",
    "industry_Hospitality & Events",
    "industry_Insurance",
    "industry_Law",
    "industry_Law Enforcement & Security",
    "industry_Leisure Sport & Tourism",
    "industry_Marketing Advertising & PR",
    "industry_Media & Digital",
    "industry_Nonprofits",
    "industry_Property or Construction",
    "industry_Recruitment or HR",
    "industry_Retail",
    "industry_Sales",
    "industry_Social Work",
    "industry_Transport or Logistics",
    "industry_Utilities & Telecommunications",
    "race_Another option not listed here or prefer not to answer",
    "race_Asian or Asian American",
    "race_Black or African American",
    "race_Hispanic Latino or Spanish origin",
    "race_Middle Eastern or Northern African",
    "race_Native American or Alaska Native",
    "race_White",
    "job_level_junior",
    "job_level_senior",
    "job_level_manager",
    "job_level_director",
    "job_level_vp",
    "job_level_c_level",
    "job_level_other",
    "month",
    "day_of_week",
    "hour",
    "experience_ratio",
    "education_experience_interaction",
    "experience_overall_sq"
  ],
  "n_samples_fit": 15786,
  "mean": [
    2.672811351830736,
    2.728430254656024,
    3.292157608007095,
    2.600405422526289,
    0.06461421512732801,
    0.0049410870391486126,
    0.012859495755732928,
    0.029519827695426326,
    0.16140884327885469,
    0.030026605853287723,
    0.09045990117825922,
    0.06182693525909033,
    0.00867857595337641,
    0.060750031673634866,
    0.07253262384391233,
    0.009438743190168504,
    0.018244013683010263,
    0.04142911440516914,
    0.0013936399341188395,
    0.0032307107563664004,
    0.03965539085265425,
    0.026985936906119345,
    0.0905232484479919,
    0.014379830229317117,
    0.017483846446218167,
    0.017167110097554797,
    0.011529203091346764,
    0.010008868617762574,
    0.010452299505891296,
    0.011402508551881414,
    0.018940833650069683,
    0.04668693779298112,
    0.0263524642087926,
    0.024008615228683645,
    0.00196376536171291,
    0.001456987203851514,
    0.8328899024452047,
    0.006271379703534778,
    0.13112884834663627,
    0.18465729127074623,
    0.09635119726339794,
    0.012226023058406183,
    0.045419992398327634,
    0.523945267958951,
    4.372545293297859,
    2.878183200304067,
    13.9775117192449,
    0.784212050460625,
    7.177625744330419,
    12.721145318636767
  ],
  "std": [
    0.896629619483297,
    1.173711706620972,
    1.372167483464672,
    1.429613795412928,
    0.24584389016367156,
    0.07011898956787789,
    0.1126682258875199,
    0.16925840442429638,
    0.36790763594989,
    0.17066050742400546,
    0.28683951515974715,
    0.24084095443997594,
    0.09275375072091635,
    0.2388712316820241,
    0.25936777425545726,
    0.09669360535815462,
    0.1338326180261912,
    0.19928056323879792,
    0.037305464771972344,
    0.056747451611284694,
    0.19514825346125306,
    0.16204226644742506,
    0.28692993907644954,
    0.11905062247587425,
    0.13106548576823432,
    0.12989380442674406,
    0.10675336326048582,
    0.09954240888563498,
    0.10170078141750158,
    0.10617198948218727,
    0.13631609762133767,
    0.21096745633508368,
    0.16018118440977047,
    0.15307580352062394,
    0.04427085934694566,
    0.038142684647771284,
    0.37307413854356375,
    0.0789433309415613,
    0.337541217450434,
    0.38801929855523554,
    0.29507226919740825,
    0.1098933456519616,
    0.20822347775614422,
    0.49942629500495267,
    1.2134446052837307,
    1.1863797514369427,
    4.7301635031758025,
    0.3229107358193582,
    5.344059537785769,
    8.899008530438767
  ]
}